{"graph_0": {"_type": "graph-file", "path": "media/graph/graph_0_summary_a92a8a89.graph.json", "sha256": "a92a8a89a09c54f26151ec27835be8bee817ba278bb801320d2f6bde1ba249e7", "size": 72194}, "global_step": 15523, "acc": 0.8500000238418579, "_runtime": 14382.782973527908, "train_loss": 0.4728755056858063, "epoch": 6, "_step": 177, "_timestamp": 1596879765.419845, "val_auc": 0.9129353761672974, "val_loss": 0.6541575193405151, "val_acc": 0.8660335540771484}
