{"graph_0": {"_type": "graph-file", "path": "media/graph/graph_0_summary_6957d302.graph.json", "sha256": "6957d302e746a4f9b2ce70f390eede86d6a3b51f48e00fa4fb4f98477b2abd3b", "size": 72194}, "_step": 49, "epoch": 2, "_timestamp": 1596859800.3834538, "global_step": 4599, "acc": 0.75, "train_loss": 0.7546069025993347, "_runtime": 4055.1556322574615, "val_loss": 0.556334912776947, "val_auc": 0.8987191915512085, "val_acc": 0.9078344702720642}
