{"graph_0": {"_type": "graph-file", "path": "media/graph/graph_0_summary_e8fe59d4.graph.json", "sha256": "e8fe59d469e682d171e3a4625338bd1f185129356f0cabc1d20a1efeefdcdb97", "size": 72194}, "acc": 0.800000011920929, "_step": 61, "train_loss": 0.8102110028266907, "_timestamp": 1596864927.4251661, "global_step": 7555, "_runtime": 4937.836941003799, "epoch": 3, "val_loss": 1.0487730503082275, "val_acc": 0.8210954666137695, "val_auc": 0.8805356621742249}
