{"graph_0": {"_type": "graph-file", "path": "media/graph/graph_0_summary_31766322.graph.json", "sha256": "3176632266f35252a48d8a27ed072c1bd50241435b4d3264b24ad86cdd1d4696", "size": 72194}, "_runtime": 6336.437881946564, "epoch": 1, "train_loss": 0.4148847758769989, "_timestamp": 1596825164.2450595, "acc": 0.9000000357627869, "_step": 145, "global_step": 7152, "val_auc": 0.9271072745323181, "val_loss": 0.45856544375419617, "val_acc": 0.9366641640663147}
