{"graph_0": {"_type": "graph-file", "path": "media/graph/graph_0_summary_24bf609b.graph.json", "sha256": "24bf609b4fdfe1ddadc845e2546374c554cf49f1df916d54208311f9df717628", "size": 72194}, "_step": 46, "train_loss": 0.80292147397995, "acc": 0.761904776096344, "global_step": 2243, "_runtime": 3963.901871919632, "_timestamp": 1596854538.5995266, "epoch": 1, "val_auc": 0.8764472603797913, "val_loss": 0.5460507273674011, "val_acc": 0.8752755522727966}
